Type,Filter,TRUTH.TOTAL,TRUTH.TP,TRUTH.FN,QUERY.TOTAL,QUERY.FP,QUERY.UNK,FP.gt,FP.al,METRIC.Recall,METRIC.Precision,METRIC.Frac_NA,METRIC.F1_Score,TRUTH.TOTAL.TiTv_ratio,QUERY.TOTAL.TiTv_ratio,TRUTH.TOTAL.het_hom_ratio,QUERY.TOTAL.het_hom_ratio
INDEL,ALL,3628,3236,392,36899,838,0,111,295,0.891951,0.977289,0.0,0.932672,,,1.4195402298850575,1.5494482615032272
INDEL,PASS,3628,3236,392,36899,838,0,111,295,0.891951,0.977289,0.0,0.932672,,,1.4195402298850575,1.5494482615032272
SNP,ALL,17603,16685,918,0,0,0,0,0,0.94785,0.0,0.0,0.0,2.353456484479147,,1.4225565985643291,
SNP,PASS,17603,16685,918,0,0,0,0,0,0.94785,0.0,0.0,0.0,2.353456484479147,,1.4225565985643291,
