Type,Filter,TRUTH.TOTAL,TRUTH.TP,TRUTH.FN,QUERY.TOTAL,QUERY.FP,QUERY.UNK,FP.gt,FP.al,METRIC.Recall,METRIC.Precision,METRIC.Frac_NA,METRIC.F1_Score,TRUTH.TOTAL.TiTv_ratio,QUERY.TOTAL.TiTv_ratio,TRUTH.TOTAL.het_hom_ratio,QUERY.TOTAL.het_hom_ratio
INDEL,ALL,3628,3379,249,38108,930,0,240,367,0.9313670000000001,0.9755959999999999,0.0,0.9529690000000001,,,1.4195402298850575,1.471436024520673
INDEL,PASS,3628,3379,249,38108,930,0,240,367,0.9313670000000001,0.9755959999999999,0.0,0.9529690000000001,,,1.4195402298850575,1.471436024520673
SNP,ALL,17603,17244,359,0,0,0,0,0,0.979606,0.0,0.0,0.0,2.353456484479147,,1.4225565985643291,
SNP,PASS,17603,17244,359,0,0,0,0,0,0.979606,0.0,0.0,0.0,2.353456484479147,,1.4225565985643291,
