Type,Filter,TRUTH.TOTAL,TRUTH.TP,TRUTH.FN,QUERY.TOTAL,QUERY.FP,QUERY.UNK,FP.gt,FP.al,METRIC.Recall,METRIC.Precision,METRIC.Frac_NA,METRIC.F1_Score,TRUTH.TOTAL.TiTv_ratio,QUERY.TOTAL.TiTv_ratio,TRUTH.TOTAL.het_hom_ratio,QUERY.TOTAL.het_hom_ratio
INDEL,ALL,3628,3321,307,37693,597,0,226,185,0.91538,0.9841620000000001,0.0,0.948526,,,1.4195402298850575,1.4537303664921466
INDEL,PASS,3628,3321,307,37693,597,0,226,185,0.91538,0.9841620000000001,0.0,0.948526,,,1.4195402298850575,1.4537303664921466
SNP,ALL,17603,17223,380,0,0,0,0,0,0.9784129999999999,0.0,0.0,0.0,2.353456484479147,,1.4225565985643291,
SNP,PASS,17603,17223,380,0,0,0,0,0,0.9784129999999999,0.0,0.0,0.0,2.353456484479147,,1.4225565985643291,
