Type,Filter,TRUTH.TOTAL,TRUTH.TP,TRUTH.FN,QUERY.TOTAL,QUERY.FP,QUERY.UNK,FP.gt,FP.al,METRIC.Recall,METRIC.Precision,METRIC.Frac_NA,METRIC.F1_Score,TRUTH.TOTAL.TiTv_ratio,QUERY.TOTAL.TiTv_ratio,TRUTH.TOTAL.het_hom_ratio,QUERY.TOTAL.het_hom_ratio
INDEL,ALL,3628,3333,295,37543,486,0,145,189,0.918688,0.9870549999999999,0.0,0.9516450000000001,,,1.4195402298850575,1.4788349256900213
INDEL,PASS,3628,3333,295,37543,486,0,145,189,0.918688,0.9870549999999999,0.0,0.9516450000000001,,,1.4195402298850575,1.4788349256900213
SNP,ALL,17603,17192,411,0,0,0,0,0,0.9766520000000001,0.0,0.0,0.0,2.353456484479147,,1.4225565985643291,
SNP,PASS,17603,17192,411,0,0,0,0,0,0.9766520000000001,0.0,0.0,0.0,2.353456484479147,,1.4225565985643291,
