Type,Filter,TRUTH.TOTAL,TRUTH.TP,TRUTH.FN,QUERY.TOTAL,QUERY.FP,QUERY.UNK,FP.gt,FP.al,METRIC.Recall,METRIC.Precision,METRIC.Frac_NA,METRIC.F1_Score,TRUTH.TOTAL.TiTv_ratio,QUERY.TOTAL.TiTv_ratio,TRUTH.TOTAL.het_hom_ratio,QUERY.TOTAL.het_hom_ratio
INDEL,ALL,3626,3357,269,37669,960,0,237,246,0.9258139999999999,0.9745149999999999,0.0,0.9495399999999999,,,1.4188218390804597,1.4734376031148948
INDEL,PASS,3626,3357,269,37669,960,0,237,246,0.9258139999999999,0.9745149999999999,0.0,0.9495399999999999,,,1.4188218390804597,1.4734376031148948
SNP,ALL,17599,16974,625,0,0,0,0,0,0.9644870000000001,0.0,0.0,0.0,2.3552506194015628,,1.4225565985643291,
SNP,PASS,17599,16974,625,0,0,0,0,0,0.9644870000000001,0.0,0.0,0.0,2.3552506194015628,,1.4225565985643291,
