Type,Filter,TRUTH.TOTAL,TRUTH.TP,TRUTH.FN,QUERY.TOTAL,QUERY.FP,QUERY.UNK,FP.gt,FP.al,METRIC.Recall,METRIC.Precision,METRIC.Frac_NA,METRIC.F1_Score,TRUTH.TOTAL.TiTv_ratio,QUERY.TOTAL.TiTv_ratio,TRUTH.TOTAL.het_hom_ratio,QUERY.TOTAL.het_hom_ratio
INDEL,ALL,3628,3282,346,36593,480,0,199,212,0.904631,0.986883,0.0,0.943968,,,1.4195402298850575,1.5053674649050373
INDEL,PASS,3628,3282,346,36593,480,0,199,212,0.904631,0.986883,0.0,0.943968,,,1.4195402298850575,1.5053674649050373
SNP,ALL,17603,16680,923,0,0,0,0,0,0.947566,0.0,0.0,0.0,2.353456484479147,,1.4225565985643291,
SNP,PASS,17603,16680,923,0,0,0,0,0,0.947566,0.0,0.0,0.0,2.353456484479147,,1.4225565985643291,
