Type,Filter,TRUTH.TOTAL,TRUTH.TP,TRUTH.FN,QUERY.TOTAL,QUERY.FP,QUERY.UNK,FP.gt,FP.al,METRIC.Recall,METRIC.Precision,METRIC.Frac_NA,METRIC.F1_Score,TRUTH.TOTAL.TiTv_ratio,QUERY.TOTAL.TiTv_ratio,TRUTH.TOTAL.het_hom_ratio,QUERY.TOTAL.het_hom_ratio
INDEL,ALL,3628,3304,324,37011,703,0,247,189,0.910695,0.9810059999999999,0.0,0.944543,,,1.4195402298850575,1.4985412850261213
INDEL,PASS,3628,3304,324,37011,703,0,247,189,0.910695,0.9810059999999999,0.0,0.944543,,,1.4195402298850575,1.4985412850261213
SNP,ALL,17603,16798,805,0,0,0,0,0,0.954269,0.0,0.0,0.0,2.353456484479147,,1.4225565985643291,
SNP,PASS,17603,16798,805,0,0,0,0,0,0.954269,0.0,0.0,0.0,2.353456484479147,,1.4225565985643291,
