Type,Filter,TRUTH.TOTAL,TRUTH.TP,TRUTH.FN,QUERY.TOTAL,QUERY.FP,QUERY.UNK,FP.gt,FP.al,METRIC.Recall,METRIC.Precision,METRIC.Frac_NA,METRIC.F1_Score,TRUTH.TOTAL.TiTv_ratio,QUERY.TOTAL.TiTv_ratio,TRUTH.TOTAL.het_hom_ratio,QUERY.TOTAL.het_hom_ratio
INDEL,ALL,3628,3270,358,38057,1097,0,235,338,0.901323,0.971175,0.0,0.9349459999999999,,,1.4195402298850575,1.4718411080621978
INDEL,PASS,3628,3270,358,38057,1097,0,235,338,0.901323,0.971175,0.0,0.9349459999999999,,,1.4195402298850575,1.4718411080621978
SNP,ALL,17603,17146,457,0,0,0,0,0,0.974039,0.0,0.0,0.0,2.353456484479147,,1.4225565985643291,
SNP,PASS,17603,17146,457,0,0,0,0,0,0.974039,0.0,0.0,0.0,2.353456484479147,,1.4225565985643291,
