Type,Filter,TRUTH.TOTAL,TRUTH.TP,TRUTH.FN,QUERY.TOTAL,QUERY.FP,QUERY.UNK,FP.gt,FP.al,METRIC.Recall,METRIC.Precision,METRIC.Frac_NA,METRIC.F1_Score,TRUTH.TOTAL.TiTv_ratio,QUERY.TOTAL.TiTv_ratio,TRUTH.TOTAL.het_hom_ratio,QUERY.TOTAL.het_hom_ratio
INDEL,ALL,3626,3380,246,37770,514,0,259,190,0.932157,0.986391,0.0,0.958507,,,1.4188218390804597,1.4624860756175873
INDEL,PASS,3626,3380,246,37770,514,0,259,190,0.932157,0.986391,0.0,0.958507,,,1.4188218390804597,1.4624860756175873
SNP,ALL,17599,17294,305,0,0,0,0,0,0.982669,0.0,0.0,0.0,2.3552506194015628,,1.4225565985643291,
SNP,PASS,17599,17294,305,0,0,0,0,0,0.982669,0.0,0.0,0.0,2.3552506194015628,,1.4225565985643291,
