Type,Filter,TRUTH.TOTAL,TRUTH.TP,TRUTH.FN,QUERY.TOTAL,QUERY.FP,QUERY.UNK,FP.gt,FP.al,METRIC.Recall,METRIC.Precision,METRIC.Frac_NA,METRIC.F1_Score,TRUTH.TOTAL.TiTv_ratio,QUERY.TOTAL.TiTv_ratio,TRUTH.TOTAL.het_hom_ratio,QUERY.TOTAL.het_hom_ratio
INDEL,ALL,3628,3399,229,38062,785,0,189,246,0.9368799999999999,0.979376,0.0,0.957657,,,1.4195402298850575,1.476685632071153
INDEL,PASS,3628,3399,229,38062,785,0,189,246,0.9368799999999999,0.979376,0.0,0.957657,,,1.4195402298850575,1.476685632071153
SNP,ALL,17603,17284,319,0,0,0,0,0,0.981878,0.0,0.0,0.0,2.353456484479147,,1.4225565985643291,
SNP,PASS,17603,17284,319,0,0,0,0,0,0.981878,0.0,0.0,0.0,2.353456484479147,,1.4225565985643291,
