Type,Filter,TRUTH.TOTAL,TRUTH.TP,TRUTH.FN,QUERY.TOTAL,QUERY.FP,QUERY.UNK,FP.gt,FP.al,METRIC.Recall,METRIC.Precision,METRIC.Frac_NA,METRIC.F1_Score,TRUTH.TOTAL.TiTv_ratio,QUERY.TOTAL.TiTv_ratio,TRUTH.TOTAL.het_hom_ratio,QUERY.TOTAL.het_hom_ratio
INDEL,ALL,3626,3166,460,38127,2416,0,448,599,0.873138,0.9366329999999999,0.0,0.9037719999999999,,,1.4188218390804597,1.5766691621860751
INDEL,PASS,3626,3166,460,38127,2416,0,448,599,0.873138,0.9366329999999999,0.0,0.9037719999999999,,,1.4188218390804597,1.5766691621860751
SNP,ALL,17599,16619,980,0,0,0,0,0,0.944315,0.0,0.0,0.0,2.3552506194015628,,1.4225565985643291,
SNP,PASS,17599,16619,980,0,0,0,0,0,0.944315,0.0,0.0,0.0,2.3552506194015628,,1.4225565985643291,
