Type,Filter,TRUTH.TOTAL,TRUTH.TP,TRUTH.FN,QUERY.TOTAL,QUERY.FP,QUERY.UNK,FP.gt,FP.al,METRIC.Recall,METRIC.Precision,METRIC.Frac_NA,METRIC.F1_Score,TRUTH.TOTAL.TiTv_ratio,QUERY.TOTAL.TiTv_ratio,TRUTH.TOTAL.het_hom_ratio,QUERY.TOTAL.het_hom_ratio
INDEL,ALL,3628,3354,274,37882,718,0,155,279,0.9244760000000001,0.9810459999999999,0.0,0.9519219999999999,,,1.4195402298850575,1.470807941812463
INDEL,PASS,3628,3354,274,37882,718,0,155,279,0.9244760000000001,0.9810459999999999,0.0,0.9519219999999999,,,1.4195402298850575,1.470807941812463
SNP,ALL,17603,17266,337,0,0,0,0,0,0.980856,0.0,0.0,0.0,2.353456484479147,,1.4225565985643291,
SNP,PASS,17603,17266,337,0,0,0,0,0,0.980856,0.0,0.0,0.0,2.353456484479147,,1.4225565985643291,
