Type,Filter,TRUTH.TOTAL,TRUTH.TP,TRUTH.FN,QUERY.TOTAL,QUERY.FP,QUERY.UNK,FP.gt,FP.al,METRIC.Recall,METRIC.Precision,METRIC.Frac_NA,METRIC.F1_Score,TRUTH.TOTAL.TiTv_ratio,QUERY.TOTAL.TiTv_ratio,TRUTH.TOTAL.het_hom_ratio,QUERY.TOTAL.het_hom_ratio
INDEL,ALL,3626,3344,282,38024,1248,0,122,278,0.922228,0.9671790000000001,0.0,0.944169,,,1.4188218390804597,1.5189578196841473
INDEL,PASS,3626,3344,282,38024,1248,0,122,278,0.922228,0.9671790000000001,0.0,0.944169,,,1.4188218390804597,1.5189578196841473
SNP,ALL,17599,17067,532,0,0,0,0,0,0.9697709999999999,0.0,0.0,0.0,2.3552506194015628,,1.4225565985643291,
SNP,PASS,17599,17067,532,0,0,0,0,0,0.9697709999999999,0.0,0.0,0.0,2.3552506194015628,,1.4225565985643291,
