Type,Filter,TRUTH.TOTAL,TRUTH.TP,TRUTH.FN,QUERY.TOTAL,QUERY.FP,QUERY.UNK,FP.gt,FP.al,METRIC.Recall,METRIC.Precision,METRIC.Frac_NA,METRIC.F1_Score,TRUTH.TOTAL.TiTv_ratio,QUERY.TOTAL.TiTv_ratio,TRUTH.TOTAL.het_hom_ratio,QUERY.TOTAL.het_hom_ratio
INDEL,ALL,3626,3373,253,37217,998,0,222,129,0.930226,0.973184,0.0,0.9512200000000001,,,1.4188218390804597,1.5080268238162975
INDEL,PASS,3626,3373,253,37217,998,0,222,129,0.930226,0.973184,0.0,0.9512200000000001,,,1.4188218390804597,1.5080268238162975
SNP,ALL,17599,16725,874,0,0,0,0,0,0.9503379999999999,0.0,0.0,0.0,2.3552506194015628,,1.4225565985643291,
SNP,PASS,17599,16725,874,0,0,0,0,0,0.9503379999999999,0.0,0.0,0.0,2.3552506194015628,,1.4225565985643291,
