Type,Filter,TRUTH.TOTAL,TRUTH.TP,TRUTH.FN,QUERY.TOTAL,QUERY.FP,QUERY.UNK,FP.gt,FP.al,METRIC.Recall,METRIC.Precision,METRIC.Frac_NA,METRIC.F1_Score,TRUTH.TOTAL.TiTv_ratio,QUERY.TOTAL.TiTv_ratio,TRUTH.TOTAL.het_hom_ratio,QUERY.TOTAL.het_hom_ratio
INDEL,ALL,3626,3335,291,37631,540,0,220,180,0.919746,0.98565,0.0,0.951558,,,1.4188218390804597,1.4855871413390012
INDEL,PASS,3626,3335,291,37631,540,0,220,180,0.919746,0.98565,0.0,0.951558,,,1.4188218390804597,1.4855871413390012
SNP,ALL,17599,17187,412,0,0,0,0,0,0.97659,0.0,0.0,0.0,2.3552506194015628,,1.4225565985643291,
SNP,PASS,17599,17187,412,0,0,0,0,0,0.97659,0.0,0.0,0.0,2.3552506194015628,,1.4225565985643291,
