Type,Filter,TRUTH.TOTAL,TRUTH.TP,TRUTH.FN,QUERY.TOTAL,QUERY.FP,QUERY.UNK,FP.gt,FP.al,METRIC.Recall,METRIC.Precision,METRIC.Frac_NA,METRIC.F1_Score,TRUTH.TOTAL.TiTv_ratio,QUERY.TOTAL.TiTv_ratio,TRUTH.TOTAL.het_hom_ratio,QUERY.TOTAL.het_hom_ratio
INDEL,ALL,3626,3420,206,37946,592,0,195,237,0.9431879999999999,0.984399,0.0,0.963353,,,1.4188218390804597,1.453523140925637
INDEL,PASS,3626,3420,206,37946,592,0,195,237,0.9431879999999999,0.984399,0.0,0.963353,,,1.4188218390804597,1.453523140925637
SNP,ALL,17599,17295,304,0,0,0,0,0,0.982726,0.0,0.0,0.0,2.3552506194015628,,1.4225565985643291,
SNP,PASS,17599,17295,304,0,0,0,0,0,0.982726,0.0,0.0,0.0,2.3552506194015628,,1.4225565985643291,
