Type,Filter,TRUTH.TOTAL,TRUTH.TP,TRUTH.FN,QUERY.TOTAL,QUERY.FP,QUERY.UNK,FP.gt,FP.al,METRIC.Recall,METRIC.Precision,METRIC.Frac_NA,METRIC.F1_Score,TRUTH.TOTAL.TiTv_ratio,QUERY.TOTAL.TiTv_ratio,TRUTH.TOTAL.het_hom_ratio,QUERY.TOTAL.het_hom_ratio
INDEL,ALL,3628,2956,672,36289,1030,0,110,101,0.814774,0.971617,0.0,0.88631,,,1.4195402298850575,1.5727389078498293
INDEL,PASS,3628,2956,672,36289,1030,0,110,101,0.814774,0.971617,0.0,0.88631,,,1.4195402298850575,1.5727389078498293
SNP,ALL,17603,16418,1185,0,0,0,0,0,0.932682,0.0,0.0,0.0,2.353456484479147,,1.4225565985643291,
SNP,PASS,17603,16418,1185,0,0,0,0,0,0.932682,0.0,0.0,0.0,2.353456484479147,,1.4225565985643291,
