Type,Filter,TRUTH.TOTAL,TRUTH.TP,TRUTH.FN,QUERY.TOTAL,QUERY.FP,QUERY.UNK,FP.gt,FP.al,METRIC.Recall,METRIC.Precision,METRIC.Frac_NA,METRIC.F1_Score,TRUTH.TOTAL.TiTv_ratio,QUERY.TOTAL.TiTv_ratio,TRUTH.TOTAL.het_hom_ratio,QUERY.TOTAL.het_hom_ratio
INDEL,ALL,3628,3416,212,37895,702,0,193,259,0.941566,0.981475,0.0,0.9611059999999999,,,1.4195402298850575,1.4602231938915355
INDEL,PASS,3628,3416,212,37895,702,0,193,259,0.941566,0.981475,0.0,0.9611059999999999,,,1.4195402298850575,1.4602231938915355
SNP,ALL,17603,17205,398,0,0,0,0,0,0.97739,0.0,0.0,0.0,2.353456484479147,,1.4225565985643291,
SNP,PASS,17603,17205,398,0,0,0,0,0,0.97739,0.0,0.0,0.0,2.353456484479147,,1.4225565985643291,
