Type,Filter,TRUTH.TOTAL,TRUTH.TP,TRUTH.FN,QUERY.TOTAL,QUERY.FP,QUERY.UNK,FP.gt,FP.al,METRIC.Recall,METRIC.Precision,METRIC.Frac_NA,METRIC.F1_Score,TRUTH.TOTAL.TiTv_ratio,QUERY.TOTAL.TiTv_ratio,TRUTH.TOTAL.het_hom_ratio,QUERY.TOTAL.het_hom_ratio
INDEL,ALL,3626,3148,478,38441,1716,0,404,571,0.868174,0.95536,0.0,0.909683,,,1.4188218390804597,1.480337443218689
INDEL,PASS,3626,3148,478,38441,1716,0,404,571,0.868174,0.95536,0.0,0.909683,,,1.4188218390804597,1.480337443218689
SNP,ALL,17599,17121,478,0,0,0,0,0,0.9728389999999999,0.0,0.0,0.0,2.3552506194015628,,1.4225565985643291,
SNP,PASS,17599,17121,478,0,0,0,0,0,0.9728389999999999,0.0,0.0,0.0,2.3552506194015628,,1.4225565985643291,
