Type,Filter,TRUTH.TOTAL,TRUTH.TP,TRUTH.FN,QUERY.TOTAL,QUERY.FP,QUERY.UNK,FP.gt,FP.al,METRIC.Recall,METRIC.Precision,METRIC.Frac_NA,METRIC.F1_Score,TRUTH.TOTAL.TiTv_ratio,QUERY.TOTAL.TiTv_ratio,TRUTH.TOTAL.het_hom_ratio,QUERY.TOTAL.het_hom_ratio
INDEL,ALL,3628,3435,193,38847,1540,0,315,339,0.9468030000000001,0.960357,0.0,0.9535319999999999,,,1.4195402298850575,1.5154357170769832
INDEL,PASS,3628,3435,193,38847,1540,0,315,339,0.9468030000000001,0.960357,0.0,0.9535319999999999,,,1.4195402298850575,1.5154357170769832
SNP,ALL,17603,17261,342,0,0,0,0,0,0.9805709999999999,0.0,0.0,0.0,2.353456484479147,,1.4225565985643291,
SNP,PASS,17603,17261,342,0,0,0,0,0,0.9805709999999999,0.0,0.0,0.0,2.353456484479147,,1.4225565985643291,
