Type,Filter,TRUTH.TOTAL,TRUTH.TP,TRUTH.FN,QUERY.TOTAL,QUERY.FP,QUERY.UNK,FP.gt,FP.al,METRIC.Recall,METRIC.Precision,METRIC.Frac_NA,METRIC.F1_Score,TRUTH.TOTAL.TiTv_ratio,QUERY.TOTAL.TiTv_ratio,TRUTH.TOTAL.het_hom_ratio,QUERY.TOTAL.het_hom_ratio
INDEL,ALL,3628,3466,162,38534,1147,0,191,254,0.955347,0.970234,0.0,0.962733,,,1.4195402298850575,1.5176354679802955
INDEL,PASS,3628,3466,162,38534,1147,0,191,254,0.955347,0.970234,0.0,0.962733,,,1.4195402298850575,1.5176354679802955
SNP,ALL,17603,17309,294,0,0,0,0,0,0.983298,0.0,0.0,0.0,2.353456484479147,,1.4225565985643291,
SNP,PASS,17603,17309,294,0,0,0,0,0,0.983298,0.0,0.0,0.0,2.353456484479147,,1.4225565985643291,
