Type,Filter,TRUTH.TOTAL,TRUTH.TP,TRUTH.FN,QUERY.TOTAL,QUERY.FP,QUERY.UNK,FP.gt,FP.al,METRIC.Recall,METRIC.Precision,METRIC.Frac_NA,METRIC.F1_Score,TRUTH.TOTAL.TiTv_ratio,QUERY.TOTAL.TiTv_ratio,TRUTH.TOTAL.het_hom_ratio,QUERY.TOTAL.het_hom_ratio
INDEL,ALL,3626,3387,239,37049,519,0,184,224,0.9340870000000001,0.985992,0.0,0.9593379999999999,,,1.4188218390804597,1.4959707455813638
INDEL,PASS,3626,3387,239,37049,519,0,184,224,0.9340870000000001,0.985992,0.0,0.9593379999999999,,,1.4188218390804597,1.4959707455813638
SNP,ALL,17599,16872,727,0,0,0,0,0,0.958691,0.0,0.0,0.0,2.3552506194015628,,1.4225565985643291,
SNP,PASS,17599,16872,727,0,0,0,0,0,0.958691,0.0,0.0,0.0,2.3552506194015628,,1.4225565985643291,
