Type,Filter,TRUTH.TOTAL,TRUTH.TP,TRUTH.FN,QUERY.TOTAL,QUERY.FP,QUERY.UNK,FP.gt,FP.al,METRIC.Recall,METRIC.Precision,METRIC.Frac_NA,METRIC.F1_Score,TRUTH.TOTAL.TiTv_ratio,QUERY.TOTAL.TiTv_ratio,TRUTH.TOTAL.het_hom_ratio,QUERY.TOTAL.het_hom_ratio
INDEL,ALL,3626,3243,383,38107,1148,0,343,368,0.894374,0.969874,0.0,0.9305950000000001,,,1.4188218390804597,1.4766978233871495
INDEL,PASS,3626,3243,383,38107,1148,0,343,368,0.894374,0.969874,0.0,0.9305950000000001,,,1.4188218390804597,1.4766978233871495
SNP,ALL,17599,17197,402,0,0,0,0,0,0.977158,0.0,0.0,0.0,2.3552506194015628,,1.4225565985643291,
SNP,PASS,17599,17197,402,0,0,0,0,0,0.977158,0.0,0.0,0.0,2.3552506194015628,,1.4225565985643291,
