Type,Filter,TRUTH.TOTAL,TRUTH.TP,TRUTH.FN,QUERY.TOTAL,QUERY.FP,QUERY.UNK,FP.gt,FP.al,METRIC.Recall,METRIC.Precision,METRIC.Frac_NA,METRIC.F1_Score,TRUTH.TOTAL.TiTv_ratio,QUERY.TOTAL.TiTv_ratio,TRUTH.TOTAL.het_hom_ratio,QUERY.TOTAL.het_hom_ratio
INDEL,ALL,3626,3396,230,37760,919,0,227,213,0.9365690000000001,0.975662,0.0,0.955716,,,1.4188218390804597,1.4733377221856485
INDEL,PASS,3626,3396,230,37760,919,0,227,213,0.9365690000000001,0.975662,0.0,0.955716,,,1.4188218390804597,1.4733377221856485
SNP,ALL,17599,17049,550,0,0,0,0,0,0.9687479999999999,0.0,0.0,0.0,2.3552506194015628,,1.4225565985643291,
SNP,PASS,17599,17049,550,0,0,0,0,0,0.9687479999999999,0.0,0.0,0.0,2.3552506194015628,,1.4225565985643291,
