Type,Filter,TRUTH.TOTAL,TRUTH.TP,TRUTH.FN,QUERY.TOTAL,QUERY.FP,QUERY.UNK,FP.gt,FP.al,METRIC.Recall,METRIC.Precision,METRIC.Frac_NA,METRIC.F1_Score,TRUTH.TOTAL.TiTv_ratio,QUERY.TOTAL.TiTv_ratio,TRUTH.TOTAL.het_hom_ratio,QUERY.TOTAL.het_hom_ratio
INDEL,ALL,3626,3083,543,37022,1195,0,350,511,0.850248,0.967722,0.0,0.9051899999999999,,,1.4188218390804597,1.505851932498639
INDEL,PASS,3626,3083,543,37022,1195,0,350,511,0.850248,0.967722,0.0,0.9051899999999999,,,1.4188218390804597,1.505851932498639
SNP,ALL,17599,16674,925,0,0,0,0,0,0.94744,0.0,0.0,0.0,2.3552506194015628,,1.4225565985643291,
SNP,PASS,17599,16674,925,0,0,0,0,0,0.94744,0.0,0.0,0.0,2.3552506194015628,,1.4225565985643291,
