Type,Filter,TRUTH.TOTAL,TRUTH.TP,TRUTH.FN,QUERY.TOTAL,QUERY.FP,QUERY.UNK,FP.gt,FP.al,METRIC.Recall,METRIC.Precision,METRIC.Frac_NA,METRIC.F1_Score,TRUTH.TOTAL.TiTv_ratio,QUERY.TOTAL.TiTv_ratio,TRUTH.TOTAL.het_hom_ratio,QUERY.TOTAL.het_hom_ratio
INDEL,ALL,3628,3307,321,37046,767,0,252,228,0.9115209999999999,0.9792959999999999,0.0,0.9441940000000001,,,1.4195402298850575,1.5016288855707887
INDEL,PASS,3628,3307,321,37046,767,0,252,228,0.9115209999999999,0.9792959999999999,0.0,0.9441940000000001,,,1.4195402298850575,1.5016288855707887
SNP,ALL,17603,16791,812,0,0,0,0,0,0.9538709999999999,0.0,0.0,0.0,2.353456484479147,,1.4225565985643291,
SNP,PASS,17603,16791,812,0,0,0,0,0,0.9538709999999999,0.0,0.0,0.0,2.353456484479147,,1.4225565985643291,
