Type,Filter,TRUTH.TOTAL,TRUTH.TP,TRUTH.FN,QUERY.TOTAL,QUERY.FP,QUERY.UNK,FP.gt,FP.al,METRIC.Recall,METRIC.Precision,METRIC.Frac_NA,METRIC.F1_Score,TRUTH.TOTAL.TiTv_ratio,QUERY.TOTAL.TiTv_ratio,TRUTH.TOTAL.het_hom_ratio,QUERY.TOTAL.het_hom_ratio
INDEL,ALL,3628,3304,324,37044,766,0,255,222,0.910695,0.9793219999999999,0.0,0.9437620000000001,,,1.4195402298850575,1.4996948118006104
INDEL,PASS,3628,3304,324,37044,766,0,255,222,0.910695,0.9793219999999999,0.0,0.9437620000000001,,,1.4195402298850575,1.4996948118006104
SNP,ALL,17603,16793,810,0,0,0,0,0,0.9539850000000001,0.0,0.0,0.0,2.353456484479147,,1.4225565985643291,
SNP,PASS,17603,16793,810,0,0,0,0,0,0.9539850000000001,0.0,0.0,0.0,2.353456484479147,,1.4225565985643291,
