Type,Filter,TRUTH.TOTAL,TRUTH.TP,TRUTH.FN,QUERY.TOTAL,QUERY.FP,QUERY.UNK,FP.gt,FP.al,METRIC.Recall,METRIC.Precision,METRIC.Frac_NA,METRIC.F1_Score,TRUTH.TOTAL.TiTv_ratio,QUERY.TOTAL.TiTv_ratio,TRUTH.TOTAL.het_hom_ratio,QUERY.TOTAL.het_hom_ratio
INDEL,ALL,3626,2801,825,34840,1056,0,250,475,0.7724770000000001,0.9696899999999999,0.0,0.8599209999999999,,,1.4188218390804597,1.479110030047217
INDEL,PASS,3626,2801,825,34840,1056,0,250,475,0.7724770000000001,0.9696899999999999,0.0,0.8599209999999999,,,1.4188218390804597,1.479110030047217
SNP,ALL,17599,15715,1884,0,0,0,0,0,0.892948,0.0,0.0,0.0,2.3552506194015628,,1.4225565985643291,
SNP,PASS,17599,15715,1884,0,0,0,0,0,0.892948,0.0,0.0,0.0,2.3552506194015628,,1.4225565985643291,
