Type,Filter,TRUTH.TOTAL,TRUTH.TP,TRUTH.FN,QUERY.TOTAL,QUERY.FP,QUERY.UNK,FP.gt,FP.al,METRIC.Recall,METRIC.Precision,METRIC.Frac_NA,METRIC.F1_Score,TRUTH.TOTAL.TiTv_ratio,QUERY.TOTAL.TiTv_ratio,TRUTH.TOTAL.het_hom_ratio,QUERY.TOTAL.het_hom_ratio
INDEL,ALL,3628,3345,283,36991,591,0,228,233,0.9219959999999999,0.984023,0.0,0.952,,,1.4195402298850575,1.495220663005898
INDEL,PASS,3628,3345,283,36991,591,0,228,233,0.9219959999999999,0.984023,0.0,0.952,,,1.4195402298850575,1.495220663005898
SNP,ALL,17603,16815,788,0,0,0,0,0,0.9552350000000001,0.0,0.0,0.0,2.353456484479147,,1.4225565985643291,
SNP,PASS,17603,16815,788,0,0,0,0,0,0.9552350000000001,0.0,0.0,0.0,2.353456484479147,,1.4225565985643291,
