Type,Filter,TRUTH.TOTAL,TRUTH.TP,TRUTH.FN,QUERY.TOTAL,QUERY.FP,QUERY.UNK,FP.gt,FP.al,METRIC.Recall,METRIC.Precision,METRIC.Frac_NA,METRIC.F1_Score,TRUTH.TOTAL.TiTv_ratio,QUERY.TOTAL.TiTv_ratio,TRUTH.TOTAL.het_hom_ratio,QUERY.TOTAL.het_hom_ratio
INDEL,ALL,3628,1731,1897,36963,1540,0,284,504,0.47712200000000005,0.9583370000000001,0.0,0.63707,,,1.4195402298850575,1.4731045598012222
INDEL,PASS,3628,1731,1897,36963,1540,0,284,504,0.47712200000000005,0.9583370000000001,0.0,0.63707,,,1.4195402298850575,1.4731045598012222
SNP,ALL,17603,17150,453,0,0,0,0,0,0.974266,0.0,0.0,0.0,2.353456484479147,,1.4225565985643291,
SNP,PASS,17603,17150,453,0,0,0,0,0,0.974266,0.0,0.0,0.0,2.353456484479147,,1.4225565985643291,
