Type,Filter,TRUTH.TOTAL,TRUTH.TP,TRUTH.FN,QUERY.TOTAL,QUERY.FP,QUERY.UNK,FP.gt,FP.al,METRIC.Recall,METRIC.Precision,METRIC.Frac_NA,METRIC.F1_Score,TRUTH.TOTAL.TiTv_ratio,QUERY.TOTAL.TiTv_ratio,TRUTH.TOTAL.het_hom_ratio,QUERY.TOTAL.het_hom_ratio
INDEL,ALL,3628,3382,246,37151,602,0,188,255,0.9321940000000001,0.9837959999999999,0.0,0.9573,,,1.4195402298850575,1.4918441628471286
INDEL,PASS,3628,3382,246,37151,602,0,188,255,0.9321940000000001,0.9837959999999999,0.0,0.9573,,,1.4195402298850575,1.4918441628471286
SNP,ALL,17603,16892,711,0,0,0,0,0,0.959609,0.0,0.0,0.0,2.353456484479147,,1.4225565985643291,
SNP,PASS,17603,16892,711,0,0,0,0,0,0.959609,0.0,0.0,0.0,2.353456484479147,,1.4225565985643291,
