Type,Filter,TRUTH.TOTAL,TRUTH.TP,TRUTH.FN,QUERY.TOTAL,QUERY.FP,QUERY.UNK,FP.gt,FP.al,METRIC.Recall,METRIC.Precision,METRIC.Frac_NA,METRIC.F1_Score,TRUTH.TOTAL.TiTv_ratio,QUERY.TOTAL.TiTv_ratio,TRUTH.TOTAL.het_hom_ratio,QUERY.TOTAL.het_hom_ratio
INDEL,ALL,3626,2966,660,31838,695,0,148,136,0.8179810000000001,0.9781709999999999,0.0,0.890933,,,1.4188218390804597,1.5337654024643943
INDEL,PASS,3626,2966,660,31838,695,0,148,136,0.8179810000000001,0.9781709999999999,0.0,0.890933,,,1.4188218390804597,1.5337654024643943
SNP,ALL,17599,14334,3265,0,0,0,0,0,0.8144779999999999,0.0,0.0,0.0,2.3552506194015628,,1.4225565985643291,
SNP,PASS,17599,14334,3265,0,0,0,0,0,0.8144779999999999,0.0,0.0,0.0,2.3552506194015628,,1.4225565985643291,
