Type,Filter,TRUTH.TOTAL,TRUTH.TP,TRUTH.FN,QUERY.TOTAL,QUERY.FP,QUERY.UNK,FP.gt,FP.al,METRIC.Recall,METRIC.Precision,METRIC.Frac_NA,METRIC.F1_Score,TRUTH.TOTAL.TiTv_ratio,QUERY.TOTAL.TiTv_ratio,TRUTH.TOTAL.het_hom_ratio,QUERY.TOTAL.het_hom_ratio
INDEL,ALL,3628,3355,273,37073,755,0,245,215,0.924752,0.979635,0.0,0.9514030000000001,,,1.4195402298850575,1.5152052366016637
INDEL,PASS,3628,3355,273,37073,755,0,245,215,0.924752,0.979635,0.0,0.9514030000000001,,,1.4195402298850575,1.5152052366016637
SNP,ALL,17603,16789,814,0,0,0,0,0,0.953758,0.0,0.0,0.0,2.353456484479147,,1.4225565985643291,
SNP,PASS,17603,16789,814,0,0,0,0,0,0.953758,0.0,0.0,0.0,2.353456484479147,,1.4225565985643291,
