Type,Filter,TRUTH.TOTAL,TRUTH.TP,TRUTH.FN,QUERY.TOTAL,QUERY.FP,QUERY.UNK,FP.gt,FP.al,METRIC.Recall,METRIC.Precision,METRIC.Frac_NA,METRIC.F1_Score,TRUTH.TOTAL.TiTv_ratio,QUERY.TOTAL.TiTv_ratio,TRUTH.TOTAL.het_hom_ratio,QUERY.TOTAL.het_hom_ratio
INDEL,ALL,3626,3326,300,37994,1801,0,232,236,0.917264,0.952598,0.0,0.9345969999999999,,,1.4188218390804597,1.6031538355598403
INDEL,PASS,3626,3326,300,37994,1801,0,232,236,0.917264,0.952598,0.0,0.9345969999999999,,,1.4188218390804597,1.6031538355598403
SNP,ALL,17599,16730,869,0,0,0,0,0,0.950622,0.0,0.0,0.0,2.3552506194015628,,1.4225565985643291,
SNP,PASS,17599,16730,869,0,0,0,0,0,0.950622,0.0,0.0,0.0,2.3552506194015628,,1.4225565985643291,
