Type,Filter,TRUTH.TOTAL,TRUTH.TP,TRUTH.FN,QUERY.TOTAL,QUERY.FP,QUERY.UNK,FP.gt,FP.al,METRIC.Recall,METRIC.Precision,METRIC.Frac_NA,METRIC.F1_Score,TRUTH.TOTAL.TiTv_ratio,QUERY.TOTAL.TiTv_ratio,TRUTH.TOTAL.het_hom_ratio,QUERY.TOTAL.het_hom_ratio
INDEL,ALL,3626,3420,206,37459,684,0,257,234,0.9431879999999999,0.98174,0.0,0.9620780000000001,,,1.4188218390804597,1.4801996672212978
INDEL,PASS,3626,3420,206,37459,684,0,257,234,0.9431879999999999,0.98174,0.0,0.9620780000000001,,,1.4188218390804597,1.4801996672212978
SNP,ALL,17599,16981,618,0,0,0,0,0,0.964884,0.0,0.0,0.0,2.3552506194015628,,1.4225565985643291,
SNP,PASS,17599,16981,618,0,0,0,0,0,0.964884,0.0,0.0,0.0,2.3552506194015628,,1.4225565985643291,
