Type,Filter,TRUTH.TOTAL,TRUTH.TP,TRUTH.FN,QUERY.TOTAL,QUERY.FP,QUERY.UNK,FP.gt,FP.al,METRIC.Recall,METRIC.Precision,METRIC.Frac_NA,METRIC.F1_Score,TRUTH.TOTAL.TiTv_ratio,QUERY.TOTAL.TiTv_ratio,TRUTH.TOTAL.het_hom_ratio,QUERY.TOTAL.het_hom_ratio
INDEL,ALL,3628,3216,412,37412,608,0,260,205,0.886439,0.983749,0.0,0.9325620000000001,,,1.4195402298850575,1.4681824207874852
INDEL,PASS,3628,3216,412,37412,608,0,260,205,0.886439,0.983749,0.0,0.9325620000000001,,,1.4195402298850575,1.4681824207874852
SNP,ALL,17603,17147,456,0,0,0,0,0,0.974095,0.0,0.0,0.0,2.353456484479147,,1.4225565985643291,
SNP,PASS,17603,17147,456,0,0,0,0,0,0.974095,0.0,0.0,0.0,2.353456484479147,,1.4225565985643291,
