Type,Filter,TRUTH.TOTAL,TRUTH.TP,TRUTH.FN,QUERY.TOTAL,QUERY.FP,QUERY.UNK,FP.gt,FP.al,METRIC.Recall,METRIC.Precision,METRIC.Frac_NA,METRIC.F1_Score,TRUTH.TOTAL.TiTv_ratio,QUERY.TOTAL.TiTv_ratio,TRUTH.TOTAL.het_hom_ratio,QUERY.TOTAL.het_hom_ratio
INDEL,ALL,3626,3478,148,37869,485,0,231,177,0.959184,0.987193,0.0,0.972987,,,1.4188218390804597,1.4610406589096614
INDEL,PASS,3626,3478,148,37869,485,0,231,177,0.959184,0.987193,0.0,0.972987,,,1.4188218390804597,1.4610406589096614
SNP,ALL,17598,17308,290,0,0,0,0,0,0.9835209999999999,0.0,0.0,0.0,2.355699580632863,,1.4227530028993511,
SNP,PASS,17598,17308,290,0,0,0,0,0,0.9835209999999999,0.0,0.0,0.0,2.355699580632863,,1.4227530028993511,
