Type,Filter,TRUTH.TOTAL,TRUTH.TP,TRUTH.FN,QUERY.TOTAL,QUERY.FP,QUERY.UNK,FP.gt,FP.al,METRIC.Recall,METRIC.Precision,METRIC.Frac_NA,METRIC.F1_Score,TRUTH.TOTAL.TiTv_ratio,QUERY.TOTAL.TiTv_ratio,TRUTH.TOTAL.het_hom_ratio,QUERY.TOTAL.het_hom_ratio
INDEL,ALL,3628,1735,1893,36916,1479,0,252,476,0.478225,0.959936,0.0,0.638406,,,1.4195402298850575,1.4691904953685058
INDEL,PASS,3628,1735,1893,36916,1479,0,252,476,0.478225,0.959936,0.0,0.638406,,,1.4195402298850575,1.4691904953685058
SNP,ALL,17603,17156,447,0,0,0,0,0,0.974607,0.0,0.0,0.0,2.353456484479147,,1.4225565985643291,
SNP,PASS,17603,17156,447,0,0,0,0,0,0.974607,0.0,0.0,0.0,2.353456484479147,,1.4225565985643291,
