Type,Filter,TRUTH.TOTAL,TRUTH.TP,TRUTH.FN,QUERY.TOTAL,QUERY.FP,QUERY.UNK,FP.gt,FP.al,METRIC.Recall,METRIC.Precision,METRIC.Frac_NA,METRIC.F1_Score,TRUTH.TOTAL.TiTv_ratio,QUERY.TOTAL.TiTv_ratio,TRUTH.TOTAL.het_hom_ratio,QUERY.TOTAL.het_hom_ratio
INDEL,ALL,3628,1409,2219,36477,1412,0,296,329,0.388368,0.961291,0.0,0.5532279999999999,,,1.4195402298850575,1.4801308704246472
INDEL,PASS,3628,1409,2219,36477,1412,0,296,329,0.388368,0.961291,0.0,0.5532279999999999,,,1.4195402298850575,1.4801308704246472
SNP,ALL,17603,17124,479,0,0,0,0,0,0.9727889999999999,0.0,0.0,0.0,2.353456484479147,,1.4225565985643291,
SNP,PASS,17603,17124,479,0,0,0,0,0,0.9727889999999999,0.0,0.0,0.0,2.353456484479147,,1.4225565985643291,
