Type,Filter,TRUTH.TOTAL,TRUTH.TP,TRUTH.FN,QUERY.TOTAL,QUERY.FP,QUERY.UNK,FP.gt,FP.al,METRIC.Recall,METRIC.Precision,METRIC.Frac_NA,METRIC.F1_Score,TRUTH.TOTAL.TiTv_ratio,QUERY.TOTAL.TiTv_ratio,TRUTH.TOTAL.het_hom_ratio,QUERY.TOTAL.het_hom_ratio
INDEL,ALL,3626,3464,162,37840,493,0,236,199,0.9553229999999999,0.9869709999999999,0.0,0.9708889999999999,,,1.4188218390804597,1.4628623781166155
INDEL,PASS,3626,3464,162,37840,493,0,236,199,0.9553229999999999,0.9869709999999999,0.0,0.9708889999999999,,,1.4188218390804597,1.4628623781166155
SNP,ALL,17599,17296,303,0,0,0,0,0,0.982783,0.0,0.0,0.0,2.3552506194015628,,1.4225565985643291,
SNP,PASS,17599,17296,303,0,0,0,0,0,0.982783,0.0,0.0,0.0,2.3552506194015628,,1.4225565985643291,
