Type,Filter,TRUTH.TOTAL,TRUTH.TP,TRUTH.FN,QUERY.TOTAL,QUERY.FP,QUERY.UNK,FP.gt,FP.al,METRIC.Recall,METRIC.Precision,METRIC.Frac_NA,METRIC.F1_Score,TRUTH.TOTAL.TiTv_ratio,QUERY.TOTAL.TiTv_ratio,TRUTH.TOTAL.het_hom_ratio,QUERY.TOTAL.het_hom_ratio
INDEL,ALL,3628,3334,294,38101,1890,0,263,179,0.9189639999999999,0.9503950000000001,0.0,0.934415,,,1.4195402298850575,1.6125809563180378
INDEL,PASS,3628,3334,294,38101,1890,0,263,179,0.9189639999999999,0.9503950000000001,0.0,0.934415,,,1.4195402298850575,1.6125809563180378
SNP,ALL,17603,16722,881,0,0,0,0,0,0.949952,0.0,0.0,0.0,2.353456484479147,,1.4225565985643291,
SNP,PASS,17603,16722,881,0,0,0,0,0,0.949952,0.0,0.0,0.0,2.353456484479147,,1.4225565985643291,
